insert into Artist values('NickleBack',10,'Rock');
insert into Artist values('Avenged Sevenfold',10,'Metal');
insert into Artist values('3 Inches of blood',7,'Metal/Screemo');
insert into Artist values('Bon Jovie',5,'Rock');
insert into Artist values('breed 77',4,'Rock');
insert into Artist values('Iron Maiden',8,'Metal');

insert into Album values('All the Right Reasons','NickleBack',2007,10);
insert into Album values('Here And Now','NickleBack',2012,5);
insert into Album values('The Long Road','NickleBack',2000,5);
insert into Album values('The State','NickleBack',1985,5);
insert into Album values('Silver Side Up','NickleBack',200,5);
insert into Album values('Bat Country','Avenged Sevenfold',2007,10);
insert into Album values('Edward The Great','Iron Maiden',2007,10);
insert into Album values('The Trooper','Iron Maiden',2007,10);

insert into Song values('Run To the Hills','Edward The Great','00:03:10',9,0,'../public/mix/Music/breakingenjamin/06 - Breaking Benjamin - Until The End.mp3');
insert into Song values('animals','All the Right Reasons','00:03:10',9,0,'../public/mix/Music/Nickelback/All the Right Reasons/animals.mp3');
insert into Song values('Run To the Hills','Edward The Great','00:03:10',9,0,'../public/mix/Music/breakingenjamin/06 - Breaking Benjamin - Until The End.mp3');
insert into Song values('Run To the Hills','Edward The Great','00:03:10',9,0,'../public/mix/Music/breakingenjamin/06 - Breaking Benjamin - Until The End.mp3');

insert into Song values('animals','All the Right Reasons','00:03:10',9,0,'../public/mix/Music/Nickelback/All the Right Reasons/animals.mp3');
insert into Song values('far away','All the Right Reasons','00:03:10',9,0,'../public/mix/Music/Nickelback/All the Right Reasons/far away.mp3');
insert into Song values('next contestant','All the Right Reasons','00:03:10',9,0,'../public/mix/Music/Nickelback/All the Right Reasons/next contestant.mp3');
insert into Song values('satarday nights alright','The Long Road','00:03:10',9,0,'../public/mix/Music/Nickelback/The Long Road [Bonus Tracks]/satarday nights alright.mp3');

insert into Series values('Supernatural', 10, '2010', 'Horror/Supernatural');
insert into Series values('True Blood', 10, '2010', 'Vampy');
insert into Series values('The Walking Dead', 10, '2010', 'Horror');
insert into Series values('Big Bang Theory', 10, '2010', 'Comedy');

insert into Season values('','Supernatural',1);
insert into Season values('','Supernatural',2);
insert into Season values('','True Blood',1);
insert into Season values('','The Walking Dead',1);
insert into Season values('','Big Bang Theory',1);
insert into Season values('','Big Bang Theory',2);
insert into Season values('','Big Bang Theory',3);

insert into Episode values ('sup Nat ep Name', '00:45:00', 0, 1,'../public/mix/shows/supernatural/Supernatural.S07E16.avi',1);
insert into Episode values ('sup Nat ep2 Name', '00:45:00', 0, 1,'../public/mix/shows/supernatural/Supernatural.S07E16.avi',2);
insert into Episode values ('sup Nat ep3 Name', '00:45:00', 0, 2,'../public/mix/shows/supernatural/Supernatural.S07E16.avi',3);

insert into Episode values ('big bob', '00:45:00', 3, 5,'../public/mix/shows/sgu/Stargate.Universe.S02E11.avi',1);
insert into Episode values ('big bob2', '00:45:00', 3, 5,'../public/mix/shows/the event/the.event.103.avi',1);


